code,next_end_date,last_min_date,status,updated_at,message
A,2007-08-20,2007-08-21,DONE,2026-02-12T08:33:13.649612,chunks=50
AAPL,2007-08-19,2007-08-20,DONE,2026-02-13T01:06:48.132524,chunks=50
ABBV,2013-01-03,2013-01-04,DONE,2026-02-12T08:33:21.908169,chunks=36
ABNB,2020-12-09,2020-12-10,DONE,2026-02-13T01:06:52.501714,chunks=16
ABT,2007-08-19,2007-08-20,DONE,2026-02-12T08:33:33.205442,chunks=50
ACGL,2007-08-19,2007-08-20,DONE,2026-02-13T02:56:23.188863,chunks=50
ACN,2007-08-19,2007-08-20,DONE,2026-02-12T08:33:48.106711,chunks=50
ADBE,2007-08-19,2007-08-20,DONE,2026-02-13T01:07:06.558814,chunks=50
ADI,2007-08-19,2007-08-20,DONE,2026-02-13T01:07:25.501356,chunks=50
ADM,2007-08-19,2007-08-20,DONE,2026-02-12T08:34:01.259188,chunks=50
ADP,2007-08-19,2007-08-20,DONE,2026-02-13T01:07:46.491101,chunks=50
ADSK,2007-08-19,2007-08-20,DONE,2026-02-13T01:07:58.918675,chunks=50
AEE,2007-08-19,2007-08-20,DONE,2026-02-12T08:34:20.830321,chunks=50
AEP,2020-09-30,2020-10-01,DONE,2026-02-13T01:08:03.903564,chunks=17
AES,2007-08-19,2007-08-20,DONE,2026-02-12T08:34:34.002802,chunks=50
AFL,2007-08-19,2007-08-20,DONE,2026-02-12T08:34:47.464993,chunks=50
AIG,2007-08-19,2007-08-20,DONE,2026-02-12T08:34:57.747515,chunks=50
AIZ,2007-08-19,2007-08-20,DONE,2026-02-12T08:35:08.362139,chunks=50
AJG,2007-08-19,2007-08-20,DONE,2026-02-12T08:35:19.750937,chunks=50
AKAM,2007-08-19,2007-08-20,DONE,2026-02-13T02:56:47.582946,chunks=50
ALB,2007-08-19,2007-08-20,DONE,2026-02-12T08:35:34.102462,chunks=50
ALGN,2007-08-19,2007-08-20,DONE,2026-02-13T02:57:09.292983,chunks=50
ALL,2007-08-19,2007-08-20,DONE,2026-02-12T08:35:53.868888,chunks=50
ALLE,2013-12-02,2013-12-03,DONE,2026-02-12T08:36:02.485543,chunks=34
ALNY,2007-08-19,2007-08-20,DONE,2026-02-12T08:36:14.117403,chunks=50
AMAT,2007-08-19,2007-08-20,DONE,2026-02-13T01:08:24.699120,chunks=50
AMCR,2019-06-10,2019-06-11,DONE,2026-02-12T08:36:31.148850,chunks=20
AMD,2015-01-01,2015-01-02,DONE,2026-02-13T01:08:33.899103,chunks=31
AME,2007-08-19,2007-08-20,DONE,2026-02-12T08:36:46.802548,chunks=50
AMGN,2007-08-19,2007-08-20,DONE,2026-02-13T01:08:48.524140,chunks=50
AMP,2007-08-19,2007-08-20,DONE,2026-02-12T08:37:07.191773,chunks=50
AMT,2007-08-19,2007-08-20,DONE,2026-02-12T08:37:21.704680,chunks=50
AMZN,2007-08-19,2007-08-20,DONE,2026-02-13T01:09:00.606532,chunks=50
ANET,2014-06-05,2014-06-06,DONE,2026-02-12T08:37:35.814517,chunks=33
AON,2007-08-19,2007-08-20,DONE,2026-02-12T08:37:49.602634,chunks=50
AOS,2007-08-19,2007-08-20,DONE,2026-02-12T08:38:07.770205,chunks=50
APA,2020-06-08,2020-06-09,DONE,2026-02-13T20:49:26.294154,chunks=15 listing=2020-06-09
APD,2007-08-19,2007-08-20,DONE,2026-02-12T08:38:25.148555,chunks=50
APH,2007-08-19,2007-08-20,DONE,2026-02-12T08:38:41.886867,chunks=50
APO,2011-03-29,2011-03-30,DONE,2026-02-12T08:38:53.398800,chunks=41
APP,2021-04-14,2021-04-15,DONE,2026-02-13T01:09:06.960451,chunks=16
APTV,2017-12-04,2017-12-05,DONE,2026-02-12T08:39:13.927702,chunks=24
ARE,2007-08-19,2007-08-20,DONE,2026-02-12T08:39:27.340597,chunks=50
ARES,2014-05-01,2014-05-02,DONE,2026-02-12T08:39:44.245598,chunks=33
ARM,2023-09-13,2023-09-14,DONE,2026-02-12T08:39:51.365771,chunks=10
ASML,2007-08-19,2007-08-20,DONE,2026-02-12T08:40:07.488758,chunks=50
ATO,2007-08-19,2007-08-20,DONE,2026-02-12T08:40:21.785021,chunks=50
AVB,2007-08-19,2007-08-20,DONE,2026-02-12T08:40:39.439369,chunks=50
AVGO,2009-08-05,2009-08-06,DONE,2026-02-13T01:09:18.393321,chunks=45
AVY,2007-08-19,2007-08-20,DONE,2026-02-12T08:41:05.302994,chunks=50
AWK,2008-04-22,2008-04-23,DONE,2026-02-12T08:41:21.863299,chunks=48
AXON,2021-01-25,2021-01-26,DONE,2026-02-13T01:09:25.298489,chunks=16
AXP,2007-08-19,2007-08-20,DONE,2026-02-12T08:41:52.968662,chunks=50
AZO,2007-08-19,2007-08-20,DONE,2026-02-12T08:42:09.353691,chunks=50
BA,2007-08-19,2007-08-20,DONE,2026-02-12T08:42:26.499249,chunks=50
BAC,2007-08-19,2007-08-20,DONE,2026-02-12T08:42:49.448852,chunks=50
BALL,2022-05-09,2022-05-10,DONE,2026-02-12T08:42:57.939694,chunks=13
BAX,2007-08-19,2007-08-20,DONE,2026-02-12T08:43:13.006479,chunks=50
BBY,2007-08-19,2007-08-20,DONE,2026-02-12T08:43:27.711274,chunks=50
BDX,2007-08-19,2007-08-20,DONE,2026-02-12T08:43:48.615686,chunks=50
BEN,2007-08-19,2007-08-20,DONE,2026-02-12T08:44:03.820395,chunks=50
BF.B,2012-09-27,2012-09-28,DONE,2026-02-13T20:53:26.277359,chunks=37
BG,2007-08-19,2007-08-20,DONE,2026-02-12T08:44:27.751971,chunks=50
BIIB,2007-08-19,2007-08-20,DONE,2026-02-13T02:57:48.649054,chunks=50
BK,2007-08-19,2007-08-20,DONE,2026-02-12T08:45:03.038866,chunks=50
BKNG,2018-02-26,2018-02-27,DONE,2026-02-13T01:09:37.111990,chunks=24
BKR,2021-12-06,2021-12-07,DONE,2026-02-13T01:09:41.687887,chunks=14
BLDR,2021-07-18,2021-07-19,DONE,2026-02-12T08:45:32.401172,chunks=15
BLK,2007-08-19,2007-08-20,DONE,2026-02-12T08:45:54.407344,chunks=50
BMY,2007-08-19,2007-08-20,DONE,2026-02-12T08:46:10.904011,chunks=50
BR,2007-08-19,2007-08-20,DONE,2026-02-12T08:46:27.502892,chunks=50
BRK.B,2012-09-27,2012-09-28,DONE,2026-02-13T20:53:36.575842,chunks=37
BRO,2007-08-19,2007-08-20,DONE,2026-02-12T08:46:59.841884,chunks=50
BSX,2007-08-19,2007-08-20,DONE,2026-02-12T08:47:16.141684,chunks=50
BX,2007-08-19,2007-08-20,DONE,2026-02-12T08:47:34.503313,chunks=50
BXP,2007-08-19,2007-08-20,DONE,2026-02-12T08:47:55.614000,chunks=50
C,2007-08-19,2007-08-20,DONE,2026-02-12T08:48:13.532271,chunks=50
CAG,2007-08-19,2007-08-20,DONE,2026-02-12T08:48:48.060457,chunks=50
CAH,2007-08-19,2007-08-20,DONE,2026-02-12T08:49:06.510104,chunks=50
CARR,2020-04-02,2020-04-03,DONE,2026-02-12T08:49:19.265962,chunks=18
CAT,2007-08-19,2007-08-20,DONE,2026-02-12T08:49:40.646978,chunks=50
CB,2007-08-19,2007-08-20,DONE,2026-02-12T08:49:59.044376,chunks=50
CBOE,2018-09-16,2018-09-17,DONE,2026-02-13T20:53:43.863523,chunks=19 listing=2018-09-17
CBRE,2018-03-19,2018-03-20,DONE,2026-02-12T08:50:29.413835,chunks=23
CCEP,2021-09-12,2021-09-13,DONE,2026-02-12T08:50:51.692378,chunks=15
CCI,2007-08-19,2007-08-20,DONE,2026-02-12T08:51:10.903921,chunks=50
CCL,2007-08-19,2007-08-20,DONE,2026-02-12T08:51:30.822738,chunks=50
CDNS,2007-08-19,2007-08-20,DONE,2026-02-13T01:09:56.633166,chunks=50
CDW,2013-06-26,2013-06-27,DONE,2026-02-13T02:58:14.604212,chunks=35
CEG,2022-02-01,2022-02-02,DONE,2026-02-13T01:10:02.277326,chunks=14
CF,2007-08-19,2007-08-20,DONE,2026-02-12T08:52:29.886957,chunks=50
CFG,2014-09-23,2014-09-24,DONE,2026-02-12T08:52:53.096411,chunks=32
CHD,2007-08-19,2007-08-20,DONE,2026-02-12T08:53:12.139760,chunks=50
CHRW,2007-08-19,2007-08-20,DONE,2026-02-13T02:58:54.791836,chunks=50
CHTR,2009-12-02,2009-12-03,DONE,2026-02-13T01:10:14.498432,chunks=44
CI,2007-08-19,2007-08-20,DONE,2026-02-12T08:54:00.236536,chunks=50
CIEN,2013-12-25,2013-12-26,DONE,2026-02-12T08:54:16.445608,chunks=34
CINF,2007-08-19,2007-08-20,DONE,2026-02-13T02:59:29.099175,chunks=50
CL,2007-08-19,2007-08-20,DONE,2026-02-12T08:54:55.757410,chunks=50
CLX,2007-08-19,2007-08-20,DONE,2026-02-12T08:55:15.258007,chunks=50
CMCSA,2007-08-19,2007-08-20,DONE,2026-02-13T01:10:30.210835,chunks=50
CME,2007-08-19,2007-08-20,DONE,2026-02-13T20:53:58.968487,chunks=50
CMG,2007-08-19,2007-08-20,DONE,2026-02-12T08:56:05.999331,chunks=50
CMI,2007-08-19,2007-08-20,DONE,2026-02-12T08:56:25.493858,chunks=50
CMS,2007-08-19,2007-08-20,DONE,2026-02-12T08:56:52.413092,chunks=50
CNC,2007-08-19,2007-08-20,DONE,2026-02-12T08:57:12.990975,chunks=50
CNP,2007-08-19,2007-08-20,DONE,2026-02-12T08:57:36.479876,chunks=50
COF,2007-08-19,2007-08-20,DONE,2026-02-12T08:58:05.714616,chunks=50
COIN,2021-04-13,2021-04-14,DONE,2026-02-13T02:59:47.500117,chunks=16 listing=2021-04-08
COO,2023-09-25,2023-09-26,DONE,2026-02-13T20:54:02.128351,chunks=9
COP,2007-08-19,2007-08-20,DONE,2026-02-12T08:59:11.134675,chunks=50
COR,2010-09-22,2010-09-23,DONE,2026-02-12T08:59:32.303036,chunks=38
COST,2007-08-19,2007-08-20,DONE,2026-02-13T01:10:50.962878,chunks=50
CPAY,2024-03-24,2024-03-25,DONE,2026-02-12T09:00:08.995047,chunks=8
CPB,2024-08-18,2024-08-19,DONE,2026-02-13T20:54:03.634337,chunks=4 listing=2024-08-19
CPRT,2007-08-19,2007-08-20,DONE,2026-02-13T01:11:04.937921,chunks=50
CPT,2007-08-19,2007-08-20,DONE,2026-02-12T09:01:14.877099,chunks=50
CRH,2007-08-19,2007-08-20,DONE,2026-02-12T09:01:41.272661,chunks=50
CRL,2007-08-19,2007-08-20,DONE,2026-02-12T09:02:04.172748,chunks=50
CRM,2007-08-19,2007-08-20,DONE,2026-02-12T09:02:27.307753,chunks=50
CRWD,2019-06-11,2019-06-12,DONE,2026-02-13T01:11:10.433909,chunks=20
CSCO,2007-08-19,2007-08-20,DONE,2026-02-13T01:11:24.304973,chunks=50
CSGP,2007-08-19,2007-08-20,DONE,2026-02-13T01:11:39.598845,chunks=50
CSX,2015-12-21,2015-12-22,DONE,2026-02-13T01:11:48.519295,chunks=29
CTAS,2007-08-19,2007-08-20,DONE,2026-02-13T01:12:00.239711,chunks=50
CTRA,2017-08-09,2017-08-10,DONE,2026-02-12T09:04:18.286993,chunks=21
CTSH,2007-08-19,2007-08-20,DONE,2026-02-13T01:12:12.099101,chunks=50
CTVA,2019-06-02,2019-06-03,DONE,2026-02-12T09:04:57.896673,chunks=20
CVNA,2017-04-27,2017-04-28,DONE,2026-02-12T09:05:21.825326,chunks=26
CVS,2007-08-19,2007-08-20,DONE,2026-02-12T09:05:53.197232,chunks=50
CVX,2007-08-19,2007-08-20,DONE,2026-02-12T09:06:16.006239,chunks=50
D,2007-08-19,2007-08-20,DONE,2026-02-12T09:06:44.428324,chunks=50
DAL,2007-08-19,2007-08-20,DONE,2026-02-12T09:07:08.546055,chunks=50
DASH,2023-09-26,2023-09-27,DONE,2026-02-13T01:12:15.899080,chunks=9
DD,2019-06-02,2019-06-03,DONE,2026-02-12T09:07:56.632128,chunks=20
DDOG,2019-09-18,2019-09-19,DONE,2026-02-13T01:12:22.097941,chunks=20
DE,2007-08-19,2007-08-20,DONE,2026-02-12T09:09:16.513721,chunks=50
DECK,2014-05-04,2014-05-05,DONE,2026-02-12T09:09:46.961113,chunks=33
DELL,2018-12-27,2018-12-28,DONE,2026-02-12T09:10:08.257512,chunks=21
DG,2009-11-12,2009-11-13,DONE,2026-02-12T09:10:47.023058,chunks=44
DGX,2007-08-19,2007-08-20,DONE,2026-02-12T09:11:12.133562,chunks=50
DHI,2007-08-19,2007-08-20,DONE,2026-02-12T09:11:40.297122,chunks=50
DHR,2007-08-19,2007-08-20,DONE,2026-02-12T09:12:04.512717,chunks=50
DIS,2007-08-19,2007-08-20,DONE,2026-02-12T09:12:28.592924,chunks=50
DLR,2007-08-19,2007-08-20,DONE,2026-02-12T09:13:01.745022,chunks=50
DLTR,2007-08-19,2007-08-20,DONE,2026-02-13T03:00:25.600996,chunks=50
DOC,2013-07-21,2013-07-22,DONE,2026-02-12T09:13:46.586613,chunks=35
DOV,2007-08-19,2007-08-20,DONE,2026-02-12T09:14:12.845488,chunks=50
DOW,2019-04-01,2019-04-02,DONE,2026-02-12T09:14:47.203542,chunks=21
DPZ,2024-12-02,2024-12-03,DONE,2026-02-13T20:54:04.862031,chunks=3 listing=2025-01-02
DRI,2007-08-19,2007-08-20,DONE,2026-02-12T09:15:43.887054,chunks=50
DTE,2007-08-19,2007-08-20,DONE,2026-02-12T09:16:19.001321,chunks=50
DUK,2007-08-19,2007-08-20,DONE,2026-02-12T09:16:52.902921,chunks=50
DVA,2007-08-19,2007-08-20,DONE,2026-02-12T09:17:22.503159,chunks=50
DVN,2007-08-19,2007-08-20,DONE,2026-02-12T09:18:06.628348,chunks=50
DXCM,2007-08-19,2007-08-20,DONE,2026-02-13T01:12:41.462236,chunks=50
EA,2007-08-19,2007-08-20,DONE,2026-02-13T01:12:52.692934,chunks=50
EBAY,2007-08-19,2007-08-20,DONE,2026-02-13T03:00:48.073837,chunks=50
ECL,2007-08-19,2007-08-20,DONE,2026-02-12T09:19:40.672782,chunks=50
ED,2007-08-19,2007-08-20,DONE,2026-02-12T09:20:05.840598,chunks=50
EFX,2007-08-19,2007-08-20,DONE,2026-02-12T09:20:41.136279,chunks=50
EG,2023-07-09,2023-07-10,DONE,2026-02-12T09:21:05.403434,chunks=10
EIX,2007-08-19,2007-08-20,DONE,2026-02-12T09:21:38.953429,chunks=50
EL,2007-08-19,2007-08-20,DONE,2026-02-12T09:22:07.072238,chunks=50
ELV,2022-06-27,2022-06-28,DONE,2026-02-12T09:22:29.454409,chunks=13
EME,2007-08-19,2007-08-20,DONE,2026-02-12T09:23:05.148447,chunks=50
EMR,2007-08-19,2007-08-20,DONE,2026-02-12T09:23:31.702899,chunks=50
EOG,2007-08-19,2007-08-20,DONE,2026-02-12T09:24:03.211018,chunks=50
EPAM,2012-02-07,2012-02-08,DONE,2026-02-12T09:24:28.425697,chunks=39
EQIX,2007-08-19,2007-08-20,DONE,2026-02-13T20:54:18.660865,chunks=50
EQR,2007-08-19,2007-08-20,DONE,2026-02-12T09:25:22.678928,chunks=50
EQT,2007-08-19,2007-08-20,DONE,2026-02-12T09:25:55.696145,chunks=50
ERIE,2007-08-19,2007-08-20,DONE,2026-02-13T03:11:10.069386,chunks=50
ES,2007-11-14,2007-11-15,DONE,2026-02-12T09:26:50.100681,chunks=46
ESS,2007-08-19,2007-08-20,DONE,2026-02-12T09:27:22.983171,chunks=50
ETN,2007-08-19,2007-08-20,DONE,2026-02-12T09:28:05.023748,chunks=50
ETR,2007-08-19,2007-08-20,DONE,2026-02-12T09:28:39.971022,chunks=50
EVRG,2022-12-27,2022-12-28,DONE,2026-02-13T20:54:21.456509,chunks=8 listing=2022-12-28
EW,2007-08-19,2007-08-20,DONE,2026-02-12T09:30:01.591057,chunks=50
EXC,2019-09-24,2019-09-25,DONE,2026-02-13T01:13:05.622826,chunks=20
EXE,2024-10-01,2024-10-02,DONE,2026-02-13T03:11:13.930490,chunks=4 listing=2024-10-02
EXPD,2023-11-20,2023-11-21,DONE,2026-02-12T09:31:27.887435,chunks=9
EXPE,2007-08-19,2007-08-20,DONE,2026-02-13T03:11:31.746886,chunks=50
EXR,2007-08-19,2007-08-20,DONE,2026-02-12T09:32:26.393928,chunks=50
F,2007-08-19,2007-08-20,DONE,2026-02-12T09:33:05.248265,chunks=50
FANG,2012-10-14,2012-10-15,DONE,2026-02-13T01:13:19.399199,chunks=37
FAST,2007-08-19,2007-08-20,DONE,2026-02-13T01:13:34.098908,chunks=50
FCX,2007-08-19,2007-08-20,DONE,2026-02-12T09:34:29.420646,chunks=50
FDS,2007-08-19,2007-08-20,DONE,2026-02-12T09:35:05.868964,chunks=50
FDX,2007-08-19,2007-08-20,DONE,2026-02-12T09:35:38.573572,chunks=50
FE,2007-08-19,2007-08-20,DONE,2026-02-12T09:36:11.201339,chunks=50
FER,2024-05-08,2024-05-09,DONE,2026-02-12T09:36:46.903504,chunks=8
FFIV,2007-08-19,2007-08-20,DONE,2026-02-13T03:11:46.861262,chunks=50
FICO,2007-08-19,2007-08-20,DONE,2026-02-12T09:37:44.767789,chunks=50
FIS,2007-08-19,2007-08-20,DONE,2026-02-12T09:38:17.466703,chunks=50
FISV,2025-11-10,2025-11-11,DONE,2026-02-13T03:11:51.209909,chunks=4
FITB,2007-08-19,2007-08-20,DONE,2026-02-13T03:12:06.576988,chunks=50
FIX,2007-08-19,2007-08-20,DONE,2026-02-12T09:39:58.897943,chunks=50
FOX,2013-07-02,2013-07-03,DONE,2026-02-13T03:12:17.192094,chunks=35
FOXA,2013-07-02,2013-07-03,DONE,2026-02-13T03:12:26.142988,chunks=35
FRT,2007-08-19,2007-08-20,DONE,2026-02-12T09:42:02.521105,chunks=50
FSLR,2007-08-19,2007-08-20,DONE,2026-02-13T03:12:43.057166,chunks=50
FTNT,2009-11-17,2009-11-18,DONE,2026-02-13T01:13:57.030883,chunks=44
FTV,2016-07-04,2016-07-05,DONE,2026-02-12T09:43:48.213948,chunks=28
GD,2007-08-19,2007-08-20,DONE,2026-02-12T09:44:24.654555,chunks=50
GDDY,2015-03-31,2015-04-01,DONE,2026-02-12T09:45:06.179809,chunks=31
GE,2007-08-19,2007-08-20,DONE,2026-02-12T09:45:50.739719,chunks=50
GEHC,2023-01-03,2023-01-04,DONE,2026-02-13T01:14:00.565698,chunks=11
GEN,2022-11-07,2022-11-08,DONE,2026-02-13T20:54:24.174024,chunks=9 listing=2022-11-08
GEV,2024-04-01,2024-04-02,DONE,2026-02-12T09:47:30.641287,chunks=8
GILD,2007-08-19,2007-08-20,DONE,2026-02-13T01:14:16.199031,chunks=50
GIS,2007-08-19,2007-08-20,DONE,2026-02-12T09:48:52.528567,chunks=50
GL,2019-08-08,2019-08-09,DONE,2026-02-12T09:49:22.841570,chunks=20
GLW,2007-08-19,2007-08-20,DONE,2026-02-12T09:50:07.094734,chunks=50
GM,2010-11-17,2010-11-18,DONE,2026-02-12T09:50:56.681167,chunks=42
GNRC,2010-02-10,2010-02-11,DONE,2026-02-12T09:51:44.226464,chunks=44
GOOG,2007-08-19,2007-08-20,DONE,2026-02-13T01:14:31.504992,chunks=50
GOOGL,2014-04-02,2014-04-03,DONE,2026-02-13T01:14:41.254737,chunks=33
GPC,2007-08-19,2007-08-20,DONE,2026-02-12T09:54:06.858808,chunks=50
GPN,2007-08-19,2007-08-20,DONE,2026-02-12T09:54:55.548762,chunks=50
GRMN,2021-12-06,2021-12-07,DONE,2026-02-12T09:55:30.742668,chunks=14
GS,2007-08-19,2007-08-20,DONE,2026-02-12T09:56:17.510925,chunks=50
GWW,2007-08-19,2007-08-20,DONE,2026-02-12T09:57:03.348880,chunks=50
HAL,2007-08-19,2007-08-20,DONE,2026-02-12T09:58:02.556838,chunks=50
HAS,2007-08-19,2007-08-20,DONE,2026-02-13T20:54:38.152926,chunks=50
HBAN,2007-08-19,2007-08-20,DONE,2026-02-13T03:13:04.687301,chunks=50
HCA,2011-03-09,2011-03-10,DONE,2026-02-12T10:00:03.332406,chunks=41
HD,2007-08-19,2007-08-20,DONE,2026-02-12T10:00:58.296423,chunks=50
HIG,2007-08-19,2007-08-20,DONE,2026-02-12T10:02:13.902775,chunks=50
HII,2011-03-22,2011-03-23,DONE,2026-02-12T10:03:20.492231,chunks=41
HLT,2013-12-12,2013-12-13,DONE,2026-02-12T10:04:07.306410,chunks=34
HOLX,2007-08-19,2007-08-20,DONE,2026-02-13T03:13:19.135785,chunks=50
HON,2021-05-10,2021-05-11,DONE,2026-02-13T01:14:50.044769,chunks=15
HOOD,2021-07-28,2021-07-29,DONE,2026-02-13T03:13:26.326680,chunks=15 listing=2021-07-27
HPE,2015-11-01,2015-11-02,DONE,2026-02-12T10:07:08.677332,chunks=29
HPQ,2007-08-19,2007-08-20,DONE,2026-02-12T10:08:04.204056,chunks=50
HRL,2007-08-19,2007-08-20,DONE,2026-02-12T10:08:57.219138,chunks=50
HSIC,2007-08-19,2007-08-20,DONE,2026-02-13T03:13:44.253683,chunks=50
HST,2020-11-01,2020-11-02,DONE,2026-02-13T20:54:42.442116,chunks=14 listing=2020-11-02
HSY,2007-08-19,2007-08-20,DONE,2026-02-12T10:11:30.671859,chunks=50
HUBB,2015-12-23,2015-12-24,DONE,2026-02-12T10:12:19.877321,chunks=29
HUM,2007-08-19,2007-08-20,DONE,2026-02-12T10:13:14.614295,chunks=50
HWM,2020-03-31,2020-04-01,DONE,2026-02-12T10:14:03.523023,chunks=18
IBKR,2007-08-19,2007-08-20,DONE,2026-02-13T03:14:03.371439,chunks=48
IBM,2007-08-19,2007-08-20,DONE,2026-02-12T10:15:38.501860,chunks=50
ICE,2007-08-19,2007-08-20,DONE,2026-02-12T10:16:23.763547,chunks=50
IDXX,2007-08-19,2007-08-20,DONE,2026-02-13T01:15:09.540119,chunks=50
IEX,2007-08-19,2007-08-20,DONE,2026-02-12T10:18:04.688477,chunks=50
IFF,2007-08-19,2007-08-20,DONE,2026-02-12T10:19:09.521671,chunks=50
INCY,2007-08-19,2007-08-20,DONE,2026-02-13T03:14:18.554280,chunks=50
INSM,2007-08-19,2007-08-20,DONE,2026-02-12T10:21:05.335009,chunks=50
INTC,2007-08-19,2007-08-20,DONE,2026-02-13T01:15:26.999846,chunks=50
INTU,2007-08-19,2007-08-20,DONE,2026-02-13T01:15:41.027245,chunks=50
INVH,2017-01-31,2017-02-01,DONE,2026-02-12T10:23:28.262348,chunks=26
IP,2007-08-19,2007-08-20,DONE,2026-02-12T10:24:29.790054,chunks=50
IQV,2017-11-14,2017-11-15,DONE,2026-02-12T10:25:37.247865,chunks=24
IR,2007-08-19,2007-08-20,DONE,2026-02-12T10:26:30.671276,chunks=50
IRM,2007-08-19,2007-08-20,DONE,2026-02-12T10:27:27.261712,chunks=50
ISRG,2007-08-19,2007-08-20,DONE,2026-02-13T01:15:52.910813,chunks=50
IT,2007-08-19,2007-08-20,DONE,2026-02-12T10:29:09.062582,chunks=50
ITW,2007-08-19,2007-08-20,DONE,2026-02-12T10:30:06.453224,chunks=50
IVZ,2007-08-19,2007-08-20,DONE,2026-02-12T10:31:08.218413,chunks=50
J,2019-12-09,2019-12-10,DONE,2026-02-12T10:32:20.101661,chunks=19
JBHT,2007-08-19,2007-08-20,DONE,2026-02-13T03:14:33.602755,chunks=50
JBL,2007-08-19,2007-08-20,DONE,2026-02-12T10:34:16.348875,chunks=50
JCI,2007-08-19,2007-08-20,DONE,2026-02-12T10:35:18.675431,chunks=50
JKHY,2007-08-19,2007-08-20,DONE,2026-02-13T03:14:48.798025,chunks=50
JNJ,2007-08-19,2007-08-20,DONE,2026-02-12T10:37:14.272882,chunks=50
JPM,2007-08-19,2007-08-20,DONE,2026-02-12T10:38:24.502395,chunks=50
KDP,2020-09-20,2020-09-21,DONE,2026-02-13T01:16:02.347181,chunks=17
KEY,2007-08-19,2007-08-20,DONE,2026-02-12T10:40:24.138654,chunks=50
KEYS,2014-11-04,2014-11-05,DONE,2026-02-12T10:41:27.604831,chunks=32
KHC,2015-07-06,2015-07-07,DONE,2026-02-13T01:16:12.414919,chunks=30
KIM,2007-08-19,2007-08-20,DONE,2026-02-12T10:45:36.804444,chunks=50
KKR,2010-07-14,2010-07-15,DONE,2026-02-12T10:47:53.002601,chunks=43
KLAC,2007-08-19,2007-08-20,DONE,2026-02-13T01:16:25.599032,chunks=50
KMB,2025-05-29,2025-05-30,DONE,2026-02-13T20:54:43.312719,chunks=2 listing=2025-05-30
KMI,2011-02-10,2011-02-11,DONE,2026-02-12T10:51:23.298302,chunks=41
KO,2007-08-19,2007-08-20,DONE,2026-02-12T10:52:40.542324,chunks=50
KR,2007-08-19,2007-08-20,DONE,2026-02-12T10:53:49.668667,chunks=50
KVUE,2023-05-03,2023-05-04,DONE,2026-02-12T10:54:51.504926,chunks=10
L,2007-08-19,2007-08-20,DONE,2026-02-12T10:56:09.479698,chunks=50
LDOS,2013-10-01,2013-10-02,DONE,2026-02-12T10:57:20.519282,chunks=35
LEN,2007-08-19,2007-08-20,DONE,2026-02-12T10:58:32.800824,chunks=50
LH,2007-08-19,2007-08-20,DONE,2026-02-12T10:59:44.367487,chunks=50
LHX,2019-06-30,2019-07-01,DONE,2026-02-12T11:01:02.394960,chunks=20
LII,2007-08-19,2007-08-20,DONE,2026-02-12T11:02:16.781190,chunks=50
LIN,2023-11-06,2023-11-07,DONE,2026-02-13T01:16:32.315163,chunks=9
LLY,2007-08-19,2007-08-20,DONE,2026-02-12T11:04:32.500885,chunks=50
LMT,2007-08-19,2007-08-20,DONE,2026-02-12T11:05:45.936017,chunks=50
LNT,2018-12-30,2018-12-31,DONE,2026-02-13T20:54:48.178292,chunks=18 listing=2018-12-31
LOW,2007-08-19,2007-08-20,DONE,2026-02-12T11:08:18.136547,chunks=50
LRCX,2007-08-19,2007-08-20,DONE,2026-02-13T01:16:48.998036,chunks=50
LULU,2007-08-19,2007-08-20,DONE,2026-02-13T03:25:11.512848,chunks=51
LUV,2007-08-19,2007-08-20,DONE,2026-02-12T11:11:47.114569,chunks=50
LVS,2007-08-19,2007-08-20,DONE,2026-02-12T11:13:03.627886,chunks=50
LW,2016-11-09,2016-11-10,DONE,2026-02-12T11:14:16.887790,chunks=27
LYB,2010-04-28,2010-04-29,DONE,2026-02-12T11:15:30.665100,chunks=43
LYV,2007-08-19,2007-08-20,DONE,2026-02-12T11:16:58.356696,chunks=50
MA,2007-08-19,2007-08-20,DONE,2026-02-12T11:18:17.239929,chunks=50
MAA,2007-08-19,2007-08-20,DONE,2026-02-12T11:19:41.500898,chunks=50
MAR,2013-10-21,2013-10-22,DONE,2026-02-13T01:17:02.410093,chunks=34
MAS,2007-08-19,2007-08-20,DONE,2026-02-12T11:23:06.479436,chunks=50
MCD,2007-08-19,2007-08-20,DONE,2026-02-12T11:24:33.901485,chunks=50
MCHP,2007-08-19,2007-08-20,DONE,2026-02-13T01:17:15.399022,chunks=50
MCK,2007-08-19,2007-08-20,DONE,2026-02-12T11:27:21.957729,chunks=50
MCO,2007-08-19,2007-08-20,DONE,2026-02-12T11:28:47.619317,chunks=50
MDLZ,2012-11-04,2012-11-05,DONE,2026-02-13T01:17:26.516378,chunks=37
MDT,2007-08-19,2007-08-20,DONE,2026-02-12T11:31:40.430938,chunks=50
MELI,2007-08-19,2007-08-20,DONE,2026-02-12T11:33:11.396224,chunks=50
MET,2007-08-19,2007-08-20,DONE,2026-02-12T11:34:58.386478,chunks=50
META,2012-05-17,2012-05-18,DONE,2026-02-13T01:17:36.154350,chunks=38
MGM,2007-08-19,2007-08-20,DONE,2026-02-12T11:37:41.803692,chunks=50
MKC,2007-08-19,2007-08-20,DONE,2026-02-12T11:39:18.214103,chunks=50
MLM,2007-08-19,2007-08-20,DONE,2026-02-12T11:41:54.101386,chunks=50
MMM,2007-08-19,2007-08-20,DONE,2026-02-12T11:44:07.246206,chunks=50
MNST,2007-08-19,2007-08-20,DONE,2026-02-13T01:17:48.612851,chunks=50
MO,2007-08-19,2007-08-20,DONE,2026-02-12T11:47:46.569285,chunks=50
MOH,2007-08-19,2007-08-20,DONE,2026-02-12T11:49:27.928181,chunks=50
MOS,2007-08-19,2007-08-20,DONE,2026-02-12T11:59:14.928872,chunks=50
MPC,2011-06-23,2011-06-24,DONE,2026-02-12T12:01:55.244465,chunks=40
MPWR,2007-08-19,2007-08-20,DONE,2026-02-12T12:03:50.476855,chunks=50
MRK,2007-08-19,2007-08-20,DONE,2026-02-12T12:05:32.300193,chunks=50
MRNA,2018-12-06,2018-12-07,DONE,2026-02-13T03:25:19.194541,chunks=22 listing=2018-12-06
MRSH,2026-01-13,2026-01-14,DONE,2026-02-12T12:10:59.637018,chunks=4
MRVL,2007-08-19,2007-08-20,DONE,2026-02-12T12:11:32.402875,chunks=50
MS,2007-08-19,2007-08-20,DONE,2026-02-12T12:14:02.179559,chunks=50
MSCI,2007-11-14,2007-11-15,DONE,2026-02-12T12:16:16.201969,chunks=49
MSFT,2007-08-19,2007-08-20,DONE,2026-02-12T12:18:54.539231,chunks=50
MSI,2007-08-19,2007-08-20,DONE,2026-02-12T12:21:37.500284,chunks=50
MSTR,2007-08-19,2007-08-20,DONE,2026-02-12T12:23:58.936057,chunks=50
MTB,2007-08-19,2007-08-20,DONE,2026-02-12T12:26:25.525868,chunks=50
MTCH,2015-11-18,2015-11-19,DONE,2026-02-13T03:25:28.268331,chunks=29 listing=2015-11-18
MTD,2007-08-19,2007-08-20,DONE,2026-02-12T12:31:24.942155,chunks=50
MU,2007-08-19,2007-08-20,DONE,2026-02-12T12:34:08.622871,chunks=50
NCLH,2017-12-18,2017-12-19,DONE,2026-02-12T12:36:19.403639,chunks=24
NDAQ,2007-08-19,2007-08-20,DONE,2026-02-13T03:25:41.728915,chunks=50
NDSN,2007-08-19,2007-08-20,DONE,2026-02-13T03:25:58.685989,chunks=50
NEE,2007-08-19,2007-08-20,DONE,2026-02-12T12:42:31.634846,chunks=50
NEM,2007-08-19,2007-08-20,DONE,2026-02-12T12:44:31.499881,chunks=50
NFLX,2007-08-19,2007-08-20,DONE,2026-02-12T12:46:58.633040,chunks=50
NI,2007-08-19,2007-08-20,DONE,2026-02-12T13:07:12.791625,chunks=50
NKE,2007-08-19,2007-08-20,DONE,2026-02-12T13:09:33.299870,chunks=50
NOC,2007-08-19,2007-08-20,DONE,2026-02-12T13:11:40.287680,chunks=50
NOW,2010-05-17,2010-05-18,DONE,2026-02-12T13:14:03.834766,chunks=40
NRG,2007-08-19,2007-08-20,DONE,2026-02-12T13:16:31.999811,chunks=50
NSC,2007-08-19,2007-08-20,DONE,2026-02-12T13:19:08.159462,chunks=50
NTAP,2007-08-19,2007-08-20,DONE,2026-02-13T03:26:19.061558,chunks=50
NTRS,2007-08-19,2007-08-20,DONE,2026-02-13T03:26:32.149074,chunks=50
NUE,2007-08-19,2007-08-20,DONE,2026-02-12T13:27:31.401086,chunks=50
NVDA,2007-08-19,2007-08-20,DONE,2026-02-12T13:30:50.200118,chunks=50
NVR,2007-08-19,2007-08-20,DONE,2026-02-12T13:33:54.499913,chunks=50
NWS,2007-08-19,2007-08-20,DONE,2026-02-13T03:26:46.577035,chunks=50
NWSA,2007-08-19,2007-08-20,DONE,2026-02-13T03:27:01.801219,chunks=50
NXPI,2010-08-05,2010-08-06,DONE,2026-02-12T13:40:30.900622,chunks=43
O,2007-08-19,2007-08-20,DONE,2026-02-12T13:43:44.817163,chunks=50
ODFL,2007-08-19,2007-08-20,DONE,2026-02-12T13:46:26.134922,chunks=50
OKE,2007-08-19,2007-08-20,DONE,2026-02-12T13:49:06.194418,chunks=50
OMC,2007-08-19,2007-08-20,DONE,2026-02-12T13:51:51.803469,chunks=50
ON,2015-04-07,2015-04-08,DONE,2026-02-13T03:27:13.726919,chunks=31
ORCL,2013-07-15,2013-07-16,DONE,2026-02-12T13:57:24.177769,chunks=35
ORLY,2007-08-19,2007-08-20,DONE,2026-02-12T13:59:52.180451,chunks=50
OTIS,2020-04-02,2020-04-03,DONE,2026-02-12T14:02:18.802832,chunks=18
OXY,2007-08-19,2007-08-20,DONE,2026-02-12T14:05:26.415308,chunks=50
PANW,2021-10-24,2021-10-25,DONE,2026-02-12T14:08:37.050305,chunks=14
PAYC,2014-04-10,2014-04-11,DONE,2026-02-12T14:11:30.100147,chunks=33
PAYX,2007-08-19,2007-08-20,DONE,2026-02-12T14:14:54.007339,chunks=50
PCAR,2007-08-19,2007-08-20,DONE,2026-02-12T14:18:02.602809,chunks=50
PCG,2007-08-19,2007-08-20,DONE,2026-02-12T14:21:26.241702,chunks=50
PDD,2018-07-25,2018-07-26,DONE,2026-02-12T14:25:20.604157,chunks=22
PEG,2007-08-19,2007-08-20,DONE,2026-02-12T14:28:52.913937,chunks=50
PEP,2017-12-19,2017-12-20,DONE,2026-02-12T14:32:08.463136,chunks=24
PFE,2007-08-19,2007-08-20,DONE,2026-02-12T14:35:25.961341,chunks=50
PFG,2017-12-17,2017-12-18,DONE,2026-02-13T20:54:54.733476,chunks=21 listing=2017-12-18
PG,2007-08-19,2007-08-20,DONE,2026-02-12T14:41:43.327002,chunks=50
PGR,2007-08-19,2007-08-20,DONE,2026-02-12T14:45:17.304106,chunks=50
PH,2007-08-19,2007-08-20,DONE,2026-02-12T14:48:39.828625,chunks=50
PHM,2007-08-19,2007-08-20,DONE,2026-02-12T14:51:55.080132,chunks=50
PKG,2007-08-19,2007-08-20,DONE,2026-02-12T14:55:24.005055,chunks=50
PLD,2007-08-19,2007-08-20,DONE,2026-02-12T14:58:59.623520,chunks=50
PLTR,2020-09-29,2020-09-30,DONE,2026-02-12T15:02:21.339428,chunks=17
PM,2008-03-17,2008-03-18,DONE,2026-02-12T15:05:46.305749,chunks=49
PNC,2007-08-19,2007-08-20,DONE,2026-02-12T15:22:00.602575,chunks=50
PNR,2007-08-19,2007-08-20,DONE,2026-02-12T15:33:19.484878,chunks=50
PNW,2007-08-19,2007-08-20,DONE,2026-02-12T15:36:00.607986,chunks=50
PODD,2007-08-19,2007-08-20,DONE,2026-02-13T03:27:29.773051,chunks=50
POOL,2007-08-19,2007-08-20,DONE,2026-02-13T03:27:43.012488,chunks=50
PPG,2007-08-19,2007-08-20,DONE,2026-02-12T15:43:15.147498,chunks=50
PPL,2007-08-19,2007-08-20,DONE,2026-02-12T15:45:46.739830,chunks=50
PRU,2007-08-19,2007-08-20,DONE,2026-02-12T15:48:38.524727,chunks=50
PSA,2007-08-19,2007-08-20,DONE,2026-02-12T15:51:25.665753,chunks=50
PSKY,2025-08-06,2025-08-07,DONE,2026-02-13T03:27:46.958433,chunks=2 listing=2025-08-07
PSX,2012-04-12,2012-04-13,DONE,2026-02-12T15:56:49.275855,chunks=38
PTC,2013-12-03,2013-12-04,DONE,2026-02-13T03:27:58.874712,chunks=34
PWR,2007-08-19,2007-08-20,DONE,2026-02-12T16:01:51.548000,chunks=50
PYPL,2015-07-20,2015-07-21,DONE,2026-02-12T16:04:21.363014,chunks=30
Q,2025-11-02,2025-11-03,DONE,2026-02-12T16:06:54.404174,chunks=4
QCOM,2007-08-19,2007-08-20,DONE,2026-02-12T16:09:35.030492,chunks=50
RCL,2007-08-19,2007-08-20,DONE,2026-02-12T16:12:21.545324,chunks=50
REG,2018-11-12,2018-11-13,DONE,2026-02-13T20:54:59.977204,chunks=19 listing=2018-11-13
REGN,2007-08-19,2007-08-20,DONE,2026-02-12T16:17:40.605661,chunks=50
RF,2007-08-19,2007-08-20,DONE,2026-02-12T16:20:15.269577,chunks=50
RJF,2007-08-19,2007-08-20,DONE,2026-02-12T16:23:08.522675,chunks=50
RL,2007-08-19,2007-08-20,DONE,2026-02-12T16:25:38.777840,chunks=50
RMD,2007-08-19,2007-08-20,DONE,2026-02-12T16:28:12.942673,chunks=50
ROK,2007-08-19,2007-08-20,DONE,2026-02-12T16:31:03.016738,chunks=50
ROL,2007-08-19,2007-08-20,DONE,2026-02-12T16:33:42.748910,chunks=50
ROP,2023-07-05,2023-07-06,DONE,2026-02-12T16:36:23.368033,chunks=10
ROST,2007-08-19,2007-08-20,DONE,2026-02-12T16:39:03.508906,chunks=50
RSG,2007-08-19,2007-08-20,DONE,2026-02-12T16:42:23.131492,chunks=50
RTX,2020-04-02,2020-04-03,DONE,2026-02-12T16:45:01.146512,chunks=18
RVTY,2023-05-15,2023-05-16,DONE,2026-02-12T16:47:31.189573,chunks=10
SBAC,2007-08-19,2007-08-20,DONE,2026-02-13T03:28:14.195414,chunks=50
SBUX,2007-08-19,2007-08-20,DONE,2026-02-12T16:52:08.391102,chunks=50
SCHW,2007-08-19,2007-08-20,DONE,2026-02-12T16:55:26.099136,chunks=50
SHOP,2025-03-30,2025-03-31,DONE,2026-02-12T16:58:05.474824,chunks=6
SHW,2007-08-19,2007-08-20,DONE,2026-02-12T17:00:42.580158,chunks=50
SJM,2007-08-19,2007-08-20,DONE,2026-02-12T17:03:36.748697,chunks=50
SLB,2007-08-19,2007-08-20,DONE,2026-02-12T17:07:18.708140,chunks=50
SMCI,2020-01-13,2020-01-14,DONE,2026-02-13T03:28:21.148175,chunks=19
SNA,2007-08-19,2007-08-20,DONE,2026-02-12T17:25:05.326165,chunks=50
SNDK,2025-02-23,2025-02-24,DONE,2026-02-13T03:28:23.562810,chunks=6
SNPS,2007-08-19,2007-08-20,DONE,2026-02-12T17:31:00.029620,chunks=50
SO,2007-08-19,2007-08-20,DONE,2026-02-12T17:34:21.560338,chunks=50
SOLV,2024-03-31,2024-04-01,DONE,2026-02-12T17:37:26.096845,chunks=8
SPG,2007-08-19,2007-08-20,DONE,2026-02-12T17:40:46.028345,chunks=50
SPGI,2016-04-27,2016-04-28,DONE,2026-02-12T17:44:06.761686,chunks=28
SRE,2007-08-19,2007-08-20,DONE,2026-02-12T17:48:02.248533,chunks=50
STE,2007-08-19,2007-08-20,DONE,2026-02-12T17:53:41.053052,chunks=50
STLD,2007-08-19,2007-08-20,DONE,2026-02-13T03:28:38.123460,chunks=50
STT,2007-08-19,2007-08-20,DONE,2026-02-12T18:15:05.490519,chunks=50
STX,2007-08-19,2007-08-20,DONE,2026-02-12T18:18:39.903373,chunks=50
STZ,2007-08-19,2007-08-20,DONE,2026-02-12T18:22:23.290841,chunks=50
SW,2024-07-07,2024-07-08,DONE,2026-02-12T18:26:00.599729,chunks=8
SWK,2007-08-19,2007-08-20,DONE,2026-02-12T18:29:35.895511,chunks=50
SWKS,2007-08-19,2007-08-20,DONE,2026-02-13T03:28:51.357002,chunks=50
SYF,2014-07-30,2014-07-31,DONE,2026-02-12T18:36:49.727604,chunks=33
SYK,2007-08-19,2007-08-20,DONE,2026-02-12T18:40:24.188016,chunks=50
SYY,2007-08-19,2007-08-20,DONE,2026-02-12T18:44:09.805486,chunks=50
T,2007-08-19,2007-08-20,DONE,2026-02-12T18:47:59.403145,chunks=50
TAP,2007-08-19,2007-08-20,DONE,2026-02-12T18:51:59.131362,chunks=50
TDG,2007-08-19,2007-08-20,DONE,2026-02-12T18:55:59.632758,chunks=50
TDY,2007-08-19,2007-08-20,DONE,2026-02-12T18:59:52.872171,chunks=50
TEAM,2015-12-09,2015-12-10,DONE,2026-02-12T19:04:07.058614,chunks=29
TECH,2007-08-19,2007-08-20,DONE,2026-02-13T03:29:06.712015,chunks=50
TEL,2007-08-19,2007-08-20,DONE,2026-02-12T19:11:43.812195,chunks=50
TER,2018-11-26,2018-11-27,DONE,2026-02-13T20:55:05.107826,chunks=19 listing=2018-11-27
TFC,2019-12-08,2019-12-09,DONE,2026-02-12T19:19:24.847430,chunks=19
TGT,2007-08-19,2007-08-20,DONE,2026-02-12T19:24:21.664302,chunks=50
TJX,2007-08-19,2007-08-20,DONE,2026-02-12T19:29:10.892401,chunks=50
TKO,2023-09-11,2023-09-12,DONE,2026-02-12T19:33:07.803368,chunks=10
TMO,2007-08-19,2007-08-20,DONE,2026-02-12T19:37:31.588694,chunks=50
TMUS,2015-10-26,2015-10-27,DONE,2026-02-12T19:41:38.574143,chunks=29
TPL,2007-08-19,2007-08-20,DONE,2026-02-12T19:46:06.825696,chunks=50
TPR,2017-10-30,2017-10-31,DONE,2026-02-12T19:50:13.294056,chunks=24
TRGP,2010-12-06,2010-12-07,DONE,2026-02-12T19:54:32.785837,chunks=42
TRI,2007-08-19,2007-08-20,DONE,2026-02-12T19:59:08.515634,chunks=50
TRMB,2007-08-19,2007-08-20,DONE,2026-02-13T03:29:22.537297,chunks=50
TROW,2007-08-19,2007-08-20,DONE,2026-02-13T03:29:39.434998,chunks=50
TRV,2007-08-19,2007-08-20,DONE,2026-02-12T20:15:45.635378,chunks=50
TSCO,2007-08-19,2007-08-20,DONE,2026-02-13T03:29:52.972161,chunks=50
TSLA,2010-06-28,2010-06-29,DONE,2026-02-12T20:38:44.650708,chunks=43
TSN,2007-08-19,2007-08-20,DONE,2026-02-12T20:42:51.360180,chunks=50
TT,2020-03-01,2020-03-02,DONE,2026-02-12T20:47:03.328771,chunks=18
TTD,2016-09-20,2016-09-21,DONE,2026-02-13T03:30:03.327875,chunks=24 listing=2016-09-21
TTWO,2007-08-19,2007-08-20,DONE,2026-02-12T20:56:27.959018,chunks=50
TXN,2007-08-19,2007-08-20,DONE,2026-02-12T21:04:00.536027,chunks=50
TXT,2007-08-19,2007-08-20,DONE,2026-02-12T21:11:21.053099,chunks=50
TYL,2007-08-19,2007-08-20,DONE,2026-02-12T21:20:08.622168,chunks=50
UAL,2018-09-06,2018-09-07,DONE,2026-02-13T20:55:13.182857,chunks=19 listing=2018-09-07
UBER,2019-05-08,2019-05-09,DONE,2026-02-12T21:35:35.980721,chunks=21
UDR,2007-08-19,2007-08-20,DONE,2026-02-12T21:43:43.518467,chunks=50
UHS,2007-08-19,2007-08-20,DONE,2026-02-12T21:52:23.926724,chunks=50
ULTA,2007-10-24,2007-10-25,DONE,2026-02-13T03:30:20.854834,chunks=50
UNH,2007-08-19,2007-08-20,DONE,2026-02-12T22:09:47.366099,chunks=50
UNP,2007-08-19,2007-08-20,DONE,2026-02-12T22:19:10.234988,chunks=50
UPS,2007-08-19,2007-08-20,DONE,2026-02-12T22:32:27.900208,chunks=50
URI,2007-08-19,2007-08-20,DONE,2026-02-12T23:10:32.188989,chunks=50
USB,2007-08-19,2007-08-20,DONE,2026-02-12T23:21:46.381907,chunks=50
V,2008-03-18,2008-03-19,DONE,2026-02-12T23:32:16.601716,chunks=49
VICI,2018-01-31,2018-02-01,DONE,2026-02-12T23:43:20.857745,chunks=24
VLO,2007-08-19,2007-08-20,DONE,2026-02-12T23:59:59.798889,chunks=50
VLTO,2023-10-01,2023-10-02,DONE,2026-02-13T00:28:15.001821,chunks=9
VMC,2007-08-19,2007-08-20,DONE,2026-02-13T00:28:47.381929,chunks=50
VRSK,2009-10-06,2009-10-07,DONE,2026-02-13T00:29:16.099546,chunks=45
VRSN,2007-08-19,2007-08-20,DONE,2026-02-13T03:30:38.036048,chunks=50
VRTX,2007-08-19,2007-08-20,DONE,2026-02-13T00:29:47.999551,chunks=50
VST,2017-05-09,2017-05-10,DONE,2026-02-13T00:29:58.122180,chunks=26
VTR,2007-08-19,2007-08-20,DONE,2026-02-13T00:30:24.801023,chunks=50
VTRS,2020-11-16,2020-11-17,DONE,2026-02-13T03:30:43.213964,chunks=14 listing=2020-11-17
VZ,2007-08-19,2007-08-20,DONE,2026-02-13T00:30:49.099401,chunks=50
WAB,2007-08-19,2007-08-20,DONE,2026-02-13T00:31:02.056659,chunks=50
WAT,2007-08-19,2007-08-20,DONE,2026-02-13T00:31:17.603480,chunks=50
WBD,2022-04-10,2022-04-11,DONE,2026-02-13T00:31:24.299517,chunks=13
WDAY,2017-09-19,2017-09-20,DONE,2026-02-13T00:31:33.967946,chunks=25
WDC,2007-08-19,2007-08-20,DONE,2026-02-13T00:31:46.092273,chunks=50
WEC,2007-08-19,2007-08-20,DONE,2026-02-13T00:31:58.266883,chunks=50
WELL,2018-02-27,2018-02-28,DONE,2026-02-13T00:32:04.174760,chunks=24
WFC,2007-08-19,2007-08-20,DONE,2026-02-13T00:32:22.100004,chunks=50
WM,2007-08-19,2007-08-20,DONE,2026-02-13T00:32:34.983524,chunks=50
WMB,2007-08-19,2007-08-20,DONE,2026-02-13T00:32:46.775640,chunks=50
WMT,2007-08-19,2007-08-20,DONE,2026-02-13T00:32:58.844486,chunks=50
WRB,2007-08-19,2007-08-20,DONE,2026-02-13T00:33:11.299598,chunks=50
WSM,2007-08-19,2007-08-20,DONE,2026-02-13T00:33:28.269898,chunks=50
WST,2007-08-19,2007-08-20,DONE,2026-02-13T00:33:40.381418,chunks=50
WTW,2022-01-09,2022-01-10,DONE,2026-02-13T20:55:17.893295,chunks=14 listing=2018-10-15
WY,2007-08-19,2007-08-20,DONE,2026-02-13T00:33:55.164481,chunks=50
WYNN,2007-08-19,2007-08-20,DONE,2026-02-13T03:30:59.583432,chunks=50
XEL,2018-01-01,2018-01-02,DONE,2026-02-13T00:34:02.833540,chunks=24
XOM,2007-08-19,2007-08-20,DONE,2026-02-13T00:34:16.401506,chunks=50
XYL,2011-10-13,2011-10-14,DONE,2026-02-13T00:34:29.208076,chunks=40
XYZ,2025-01-20,2025-01-21,DONE,2026-02-13T00:34:31.553161,chunks=6
YUM,2007-08-19,2007-08-20,DONE,2026-02-13T00:34:43.519486,chunks=50
